battle,engine_slurm_name,job_id,node,job_start,job_end,state,framework
27B,sglang_qwen,442649,node-B,2026-09-26T23:54:00,2026-09-27T00:40:16,CANCELLED by UID,SGLang
27B,vllm_qwen27b,442698,node-B,2026-09-27T00:10:00,2026-09-27T00:31:52,CANCELLED by UID,vLLM
27B,vllm_qwen27b,442725,node-B,2026-09-27T00:32:24,2026-09-27T00:32:51,FAILED,vLLM
27B,vllm_qwen27b,442727,node-B,2026-09-27T00:34:11,2026-09-27T01:00:54,CANCELLED by UID,vLLM
27B,sglang_qwen,442741,node-B,2026-09-27T00:40:49,2026-09-27T00:48:18,CANCELLED by UID,SGLang
27B,sglang_qwen,442747,node-B,2026-09-27T00:48:48,2026-09-27T00:50:16,FAILED,SGLang
27B,sglang_qwen,442750,node-G,2026-09-27T00:51:55,2026-09-27T01:00:54,CANCELLED by UID,SGLang
Flash,sglang_flash,442774,node-K,2026-09-27T01:34:33,2026-09-27T01:52:01,CANCELLED by UID,SGLang
Flash,vllm_flash_next,442780,node-B,2026-09-27T01:39:09,2026-09-27T01:59:01,CANCELLED by UID,vLLM
Flash,sglang_flash,442800,node-K,2026-09-27T01:52:35,2026-09-27T01:59:01,CANCELLED by UID,SGLang
Flash,sglang_flash,442822,node-B,2026-09-27T01:59:33,2026-09-27T02:17:48,CANCELLED by UID,SGLang
Flash,vllm_flash_next,442823,node-E,2026-09-27T01:59:33,2026-09-27T02:00:05,FAILED,vLLM
Flash,vllm_flash_next,442829,node-E,2026-09-27T02:06:03,2026-09-27T02:17:48,CANCELLED by UID,vLLM
Flash,sglang_flash,442839,node-E,2026-09-27T02:18:22,2026-09-27T16:13:02,CANCELLED by UID,SGLang
Flash,vllm_flash_next,442840,node-E,2026-09-27T02:18:22,2026-09-27T16:13:02,CANCELLED by UID,vLLM
GLM,vllm_glm53_flash,443806,node-M,2026-09-27T13:19:14,2026-09-27T14:13:42,CANCELLED by UID,vLLM
GLM,sglang_glm53_flash,443956,node-D,2026-09-27T13:59:40,2026-09-27T14:13:42,CANCELLED by UID,SGLang
GLM,sglang_glm53_flash,443995,node-I,2026-09-27T14:14:15,2026-09-27T15:06:49,CANCELLED by UID,SGLang
GLM,vllm_glm53_flash,443996,node-J,2026-09-27T14:14:18,2026-09-27T14:14:51,FAILED,vLLM
GLM,vllm_glm53_flash,444057,node-C,2026-09-27T14:44:31,2026-09-27T15:06:49,CANCELLED by UID,vLLM
GLM,sglang_glm53_flash,444098,node-C,2026-09-27T15:07:52,2026-09-27T15:17:44,CANCELLED by UID,SGLang
GLM,vllm_glm53_flash,444099,node-F,2026-09-27T15:07:53,2026-09-27T16:13:02,CANCELLED by UID,vLLM
GLM,sglang_glm53_flash,444119,node-C,2026-09-27T15:18:19,2026-09-27T16:13:02,CANCELLED by UID,SGLang
